,date,sentiment,news_id
0,2018-06-22,0.0,00ccd72c11ef48e5b8300a9a5821aa98
1,2018-04-03,-0.10000000149011612,012aa161c01b416c88988ed37478f458
2,2018-03-26,0.10000000149011612,02d96af2dc3f46e987b3cad5bae8ae7a
3,2018-03-26,0.10000000149011612,02d96af2dc3f46e987b3cad5bae8ae7a
4,2018-07-31,0.0,037923a58bd24b9abf85371aee277db5
5,2018-07-31,0.0,037923a58bd24b9abf85371aee277db5
6,2018-07-31,0.0,037923a58bd24b9abf85371aee277db5
7,2018-10-02,0.0,03cbdf9824d6456b8d3c9da5e0cc73a5
8,2018-07-17,-0.10000000149011612,06e18d120a4943eca9ab45675bced7bd
9,2018-08-31,-0.10000000149011612,0a860439651d4c20b612221e28073cb8
10,2018-10-02,0.0,0d6615c6e2ac4173bbbbf3049c079ba1
11,2018-08-17,-0.20000000298023224,11a1273f77a7496fbc04f8a55e0225a4
12,2018-10-16,-0.10000000149011612,11cd640358424f0db91454e761ac6207
13,2018-10-02,0.0,12ce7c2ab51245f18c6335b60450e69d
14,2018-08-14,0.0,14b2ec6260234671badcfdbc962836cc
15,2018-10-04,0.0,166d4aab5cc14563bfcbbbe2a87870f8
16,2018-10-04,0.0,166d4aab5cc14563bfcbbbe2a87870f8
17,2018-03-09,0.0,16a5d3d4ee4b447bbb9d08aeabff47a0
18,2018-05-02,0.0,18716bec7c4d4909a79c741d8f1a8a5f
19,2018-05-02,0.0,18716bec7c4d4909a79c741d8f1a8a5f
20,2018-11-24,0.10000000149011612,19f4d8c338dd46fcbd72339252b3ee3d
21,2018-11-24,0.10000000149011612,19f4d8c338dd46fcbd72339252b3ee3d
22,2018-11-24,0.10000000149011612,19f4d8c338dd46fcbd72339252b3ee3d
23,2018-11-24,0.10000000149011612,19f4d8c338dd46fcbd72339252b3ee3d
24,2018-11-24,0.10000000149011612,19f4d8c338dd46fcbd72339252b3ee3d
25,2018-11-24,0.10000000149011612,19f4d8c338dd46fcbd72339252b3ee3d
26,2018-10-08,-0.10000000149011612,1af16d40e8c04f7c8eca634f4f8e0c7e
27,2018-07-25,0.0,1d64140c7dd14102b0b80ca1980af94a
28,2018-12-11,0.0,1e0ab1d1857143c691dac3da88e5bdfa
29,2018-04-09,-0.10000000149011612,231082d724a14646afd85fb80d101d3f
30,2018-08-27,0.10000000149011612,23963a4c9996460f896b9fb458c0f4e3
31,2018-09-28,0.0,23970cd9d3f249e7b863dacbf6282a35
32,2018-09-19,0.0,254a8bc9d73f4acfbddf3b86c1fff054
33,2018-10-02,0.0,289e4dad27454d43805621dc3122ab92
34,2018-04-03,0.0,2b017a90615d4765b3be7efae52f0f32
35,2018-08-17,-0.20000000298023224,2d8fca0163144a75a0e155fe50d195cf
36,2018-07-06,0.0,301329b4438d472cb48ca4926c984017
37,2018-10-31,-0.10000000149011612,3079553f52ab4d80a9648f02d928e879
38,2018-07-25,0.0,322153f6829840a48f5f3daa3627bf24
39,2018-07-26,0.0,3497ece6694b4f4ebc6cedb3deff1a13
40,2018-07-23,0.0,365070f48e234477afde0a0c72513184
41,2018-07-04,-0.10000000149011612,372bd96f0703416c93ee723c34562f72
42,2018-11-02,-0.10000000149011612,39ed47c5209843bb87df054f6cc52aca
43,2018-04-09,0.0,3b7a17c06aa14bc7b9baa518d53ea830
44,2018-04-09,0.0,3b7a17c06aa14bc7b9baa518d53ea830
45,2018-11-02,0.0,3c2d142898754597bc90cafeb599f524
46,2018-08-14,0.0,3f51879ae897483987b6651ae1c071cb
47,2018-11-14,-0.10000000149011612,3f58ef508b4b49818b06b0df67b4f02b
48,2018-08-17,-0.30000001192092896,4122446d64f944a2be191dd734250869
49,2018-11-27,0.0,4463b17dba6c41708050e945a5bf8844
50,2018-07-08,0.0,4499f646a7c6484db521070ee0343448
51,2018-06-21,0.0,45bd8d285544474a8ae25c736c090cb8
52,2018-04-09,0.0,4781c4e8e20b41aab5a59f0c710c1e86
53,2018-04-19,0.0,48d350c982f844a597eb8ebb9294f181
54,2018-04-19,0.0,48d350c982f844a597eb8ebb9294f181
55,2018-04-19,0.0,48d350c982f844a597eb8ebb9294f181
56,2018-07-24,0.0,49b90f59703d4ebab9506e271476719b
57,2018-04-04,0.0,4a6454e52dd04cbd993ed4efcef329b2
58,2018-04-04,0.0,4a6454e52dd04cbd993ed4efcef329b2
59,2018-06-21,-0.10000000149011612,4d21f35169e64871ad20898117d95563
60,2018-07-23,0.0,4e485aa77b78478b94c47a3d7aecb447
61,2018-10-04,0.0,5339a84efa0d4f60b57133e535fc955d
62,2018-10-04,0.0,5339a84efa0d4f60b57133e535fc955d
63,2018-10-04,0.0,5339a84efa0d4f60b57133e535fc955d
64,2018-10-04,0.0,5339a84efa0d4f60b57133e535fc955d
65,2018-10-04,0.0,5339a84efa0d4f60b57133e535fc955d
66,2018-10-04,0.0,5339a84efa0d4f60b57133e535fc955d
67,2018-08-21,0.0,55bc38131be5479faf1bcc4f108ac91b
68,2018-08-19,-0.10000000149011612,56c64b4b5747410597626dc6b2df982f
69,2018-10-31,-0.10000000149011612,58ce8db1a2f84e958e29dcaf901a6b5e
70,2018-07-05,0.0,5ae868d8128e417f9fe94149f2e08dbd
71,2018-12-04,0.0,5b3ac5d6997640dbb6278a07a6bb0327
72,2018-10-10,0.0,5bff59c26b7d4c6cbee8c2aee0c494fa
73,2018-11-14,-0.10000000149011612,644490140e81465dafdb5a290f51730a
74,2018-07-25,0.0,65fa4f0481c54cae8ed74810788a91d1
75,2018-07-23,-0.10000000149011612,66be5c19c9124ba787a5ab049c8196dd
76,2018-07-23,-0.10000000149011612,66be5c19c9124ba787a5ab049c8196dd
77,2018-07-23,-0.10000000149011612,66be5c19c9124ba787a5ab049c8196dd
78,2018-07-23,-0.10000000149011612,66be5c19c9124ba787a5ab049c8196dd
79,2018-09-28,0.0,6b411547ee4444dcb3fb630b3aec57cb
80,2018-08-18,-0.10000000149011612,6b6621addab9412b98cc369433239c57
81,2018-08-18,-0.10000000149011612,6b6621addab9412b98cc369433239c57
82,2018-10-31,-0.10000000149011612,6c4451b5b41b40b5b1f58811ea1b2e94
83,2018-10-09,-0.10000000149011612,6d91ff13cc82451faa52c7a5ba29023a
84,2018-07-24,-0.10000000149011612,70bf501befc749f38876671123c52ade
85,2018-07-23,0.0,7134ac41cfcc4492bfc68d0b9d1dca61
86,2018-10-26,0.0,737d07d0e58e497f8010c56b532ae50c
87,2018-03-26,0.0,73d2d1b837e1400383bacf6705123c3d
88,2018-07-31,-0.20000000298023224,753d9679df6a478b8a5266aad0e552f0
89,2018-07-16,-0.10000000149011612,75c6a31b52d54724aac6594d9b5beb2b
90,2018-07-06,0.0,7639dbc8714b4988a6496bc3171d2d10
91,2018-12-04,-0.10000000149011612,770260634a1847ff926e6a99be74737d
92,2018-11-14,-0.10000000149011612,792c8663e7694cdb985c9d05a48316d6
93,2018-11-14,-0.10000000149011612,792c8663e7694cdb985c9d05a48316d6
94,2018-04-09,0.0,7bbb8afec352434093359df99ed2769b
95,2018-10-23,-0.10000000149011612,7bcc1124a218483087d96bc1191906e5
96,2018-10-23,-0.10000000149011612,7bcc1124a218483087d96bc1191906e5
97,2018-10-04,0.0,82a2d8e33604446a8bb5e0cf0b828478
98,2018-10-04,0.0,82a2d8e33604446a8bb5e0cf0b828478
99,2018-10-04,0.0,82a2d8e33604446a8bb5e0cf0b828478
100,2018-10-04,0.0,82a2d8e33604446a8bb5e0cf0b828478
101,2018-10-04,0.0,82a2d8e33604446a8bb5e0cf0b828478
102,2018-08-17,-0.20000000298023224,84d4c7e530ab4377a27ec1f0877885e4
103,2018-08-17,-0.20000000298023224,84d4c7e530ab4377a27ec1f0877885e4
104,2018-12-03,-0.10000000149011612,892c7c9503e949bd8788c70c0ad01f52
105,2018-10-04,0.0,893f0a31671e490584fdca8ccfd46479
106,2018-10-04,0.0,893f0a31671e490584fdca8ccfd46479
107,2018-11-14,-0.10000000149011612,899f243f99a9406294471d54bab85bc5
108,2018-07-24,0.0,8bc6ec84a448488d9486b9d8a8472417
109,2018-08-17,-0.20000000298023224,8e2a070cff624c9e94fe8b98f71cbcc0
110,2018-08-17,-0.20000000298023224,8e2a070cff624c9e94fe8b98f71cbcc0
111,2018-09-19,0.0,90c7471508a04452b03db0ce089e68ac
112,2018-08-10,0.0,9351c26647354bb79daa5867883c7135
113,2018-07-24,0.0,9775073e516547799e6ace193570bdc7
114,2018-07-19,0.0,977eff8289294b47b36896b3e7b9f6a9
115,2018-04-09,-0.10000000149011612,978dc639b12748fcb168b9b0645622e4
116,2018-11-14,-0.10000000149011612,97c9b4f9df274a4485eefba19fc0b004
117,2018-10-11,0.0,97e26c4afc1444b38ac1d01128a6df5e
118,2018-10-11,0.0,97e26c4afc1444b38ac1d01128a6df5e
119,2018-10-11,0.0,97e26c4afc1444b38ac1d01128a6df5e
120,2018-07-04,-0.10000000149011612,9a5a65cd81f342e2913258328cc7b607
121,2018-08-01,-0.20000000298023224,a2b431e317e947beab5e2b732e86c25c
122,2018-10-04,0.0,a37e5b5285e64225b006620cfb695bf3
123,2018-10-04,0.0,a37e5b5285e64225b006620cfb695bf3
124,2018-03-26,0.0,a742775a43384dee8650bc8ffa14d513
125,2018-11-29,0.0,a7491a47069443c1bcbaf302a023b934
126,2018-11-24,0.10000000149011612,a7a5e9c8719744c292c1fdad32d18375
127,2018-11-24,0.10000000149011612,a7a5e9c8719744c292c1fdad32d18375
128,2018-11-24,0.10000000149011612,a7a5e9c8719744c292c1fdad32d18375
129,2018-08-17,-0.20000000298023224,adf096e12bc74b738f718d21be8d1dcd
130,2018-10-11,0.0,af6580ea405f4ec7b818925e581d8c0e
131,2018-07-16,-0.10000000149011612,b360cc814fb940658b68fd80454e4970
132,2018-05-23,0.0,b62f9dfb44724d5daab774817f6c7c58
133,2018-12-03,0.0,b812ec1fa993430fa06a1aac36c077d2
134,2018-08-01,-0.20000000298023224,babbe99d9d6647baa6ad02627e3dd850
135,2018-04-03,-0.10000000149011612,bc0a64dfe9cb49f3b7fd91871226013c
136,2018-12-03,0.0,bcf5486f8ce34f2994696dcc49e87127
137,2018-07-23,-0.30000001192092896,be576c7e22784a3ab2a683b8d88d59e4
138,2018-10-19,0.0,c4fef3a8959447d1b35ea087f138a6c7
139,2018-11-19,0.0,c5205beef9ba4e1384e7e4abfcb08fae
140,2018-10-02,0.0,c580102eb4d84024984ff907d92fef43
141,2018-07-24,-0.10000000149011612,c5ebfe1504554f67a578dce98766a9af
142,2018-09-28,0.10000000149011612,c67e646ee6fd4507ba2d49cc240a865e
143,2018-10-31,-0.10000000149011612,c853ee0610d34c84a9615aaead7b84ea
144,2018-09-10,0.0,ca385c7c46254587aea8253268df96e4
145,2018-08-31,0.0,ce9d4a9a3a8546929e8c9f74bee466c6
146,2018-07-23,0.0,d0991b9ef9bc4e41b5498ccaf91d96c5
147,2018-07-23,0.0,d0991b9ef9bc4e41b5498ccaf91d96c5
148,2018-07-23,0.0,d0991b9ef9bc4e41b5498ccaf91d96c5
149,2018-07-26,0.0,d413ccc7602c4b31bcfa705b2c2cd74c
150,2018-10-31,0.0,d6e26ea7419144bc9ff1789fa1f56f65
151,2018-11-27,0.0,d7a79a60c8a2489b9a010c6a43aa1640
152,2018-03-08,-0.10000000149011612,d950b2a2c6d5486f86e981577913edae
153,2018-08-21,0.0,dc9c2de55be147bd8c8f263b0718b7cb
154,2018-07-16,-0.10000000149011612,ddcacd2c8013422891fcd612edd2b64e
155,2018-10-01,0.0,deb71b5faf434471bb1caaf072718f88
156,2018-10-01,0.0,deb71b5faf434471bb1caaf072718f88
157,2018-08-17,-0.20000000298023224,dfa12da09f9a43c5aaca91d4d2fdc96b
158,2018-08-17,-0.20000000298023224,dfa12da09f9a43c5aaca91d4d2fdc96b
159,2018-07-11,0.0,e3abb66f64c04c7b843c04b3919c5a51
160,2018-03-14,0.0,e483f8e220834a0e8e243f47c469b7be
161,2018-11-27,0.0,e6055d4fa183467aa6f06618cd15441c
162,2018-11-14,-0.10000000149011612,e6b2141bb3ef4236b69899fe3657ce43
163,2018-10-04,0.0,e6ea6b9086d1480bb1fbe913e6113dc7
164,2018-10-04,0.0,e6ea6b9086d1480bb1fbe913e6113dc7
165,2018-10-08,-0.10000000149011612,e772e1e6ddfa4d798bfa35d4ac48fbd2
166,2018-10-02,0.0,f0503b60ad4d4003bcd7555cbfc16473
167,2018-07-18,-0.10000000149011612,f0cd6c285117427b9e8bd6825293f1f8
168,2018-06-21,0.0,f22e4428c670420685288823d171310f
169,2018-11-27,0.0,f251fec171c14483be1d7b29d37aea6b
170,2018-09-19,0.0,f3fe32853e524e0cbf671fc7627ce469
171,2018-07-11,0.0,f60842ea12564257b981c989dc00f432
172,2018-07-23,-0.10000000149011612,f85a954236ea4c82a0c18904ca85ffc3
173,2018-10-02,0.0,faf66b2919cd4eb58ee85c7e22b7390c
